<?xml version="1.0" encoding="UTF-8"?>

<Encounter xmlns="http://hl7.org/fhir">
  <id value="324534708"/>
  <meta>
    <profile value="http://gematik.de/fhir/TIM/CaseReference/StructureDefinition/EncounterCaseReference"/>
  </meta>
  <text>
    <status value="generated"/><div xmlns="http://www.w3.org/1999/xhtml"><p><b>Generated Narrative</b></p><div style="display: inline-block; background-color: #d9e0e7; padding: 6px; margin: 4px; border: 1px solid #8da1b4; border-radius: 5px; line-height: 60%"><p style="margin-bottom: 0px">Resource "324534708" </p><p style="margin-bottom: 0px">Profile: <a href="StructureDefinition-EncounterCaseReference.html">EncounterCaseReference</a></p></div><p><b>identifier</b>: id: ABC1234567890</p><p><b>status</b>: in-progress</p><p><b>class</b>: ambulatory (Details: [not stated] code AMB = 'AMB', stated as 'ambulatory')</p><p><b>priority</b>: ASAP <span style="background: LightGoldenRodYellow; margin: 4px; border: 1px solid khaki"> ([not stated]#A)</span></p><p><b>subject</b>: <a href="https://simplifier.net/resolve?scope=de.basisprofil.r4@1.3.2&amp;canonical=http://fhir.org/packages/de.basisprofil.r4/374885372">374885372</a></p><p><b>period</b>: 2022-05-02 --&gt; (ongoing)</p><p><b>reasonCode</b>: Heart valve disorder <span style="background: LightGoldenRodYellow; margin: 4px; border: 1px solid khaki"> ([not stated]#368009)</span></p></div>
  </text>
  <identifier>
    <system value="http://example.de/StructureDefinition/identifier-interne-abrechnungsnummer"/>
    <value value="ABC1234567890"/>
  </identifier>
  <status value="in-progress"/>
  <class>
    <code value="AMB"/>
    <display value="ambulatory"/>
  </class>
  <priority>
    <coding>
      <code value="A"/>
      <display value="ASAP"/>
    </coding>
  </priority>
  <subject>
    <reference value="374885372"/>
  </subject>
  <period>
    <start value="2022-05-02"/>
  </period>
  <reasonCode>
    <coding>
      <code value="368009"/>
      <display value="Heart valve disorder"/>
    </coding>
  </reasonCode>
</Encounter>