<?xml version="1.0" encoding="UTF-8"?>

<Patient xmlns="http://hl7.org/fhir">
  <id value="374885372"/>
  <meta>
    <profile value="http://gematik.de/fhir/TIM/CaseReference/StructureDefinition/PatientCaseReference"/>
  </meta>
  <text>
    <status value="generated"/><div xmlns="http://www.w3.org/1999/xhtml"><p><b>August Fröhlich </b> male, DoB: 2000-02-21 ( id: ABC1234567)</p></div>
  </text>
  <identifier>
    <system value="http://fhir.de/StructureDefinition/identifier-kvid-10"/>
    <value value="ABC1234567"/>
  </identifier>
  <name>
    <family value="Fröhlich"/>
    <given value="August"/>
  </name>
  <gender value="male"/>
  <birthDate value="2000-02-21"/>
  <communication>
    <language>
      <coding>
        <code value="de"/>
      </coding>
    </language>
  </communication>
</Patient>