<?xml version="1.0" encoding="UTF-8"?>

<Procedure xmlns="http://hl7.org/fhir">
  <id value="ProcedureExample"/>
  <meta>
    <profile value="http://gematik.de/fhir/TIM/CaseReference/StructureDefinition/ProcedureCaseReference"/>
  </meta>
  <text>
    <status value="generated"/><div xmlns="http://www.w3.org/1999/xhtml"><p><b>Generated Narrative</b></p><div style="display: inline-block; background-color: #d9e0e7; padding: 6px; margin: 4px; border: 1px solid #8da1b4; border-radius: 5px; line-height: 60%"><p style="margin-bottom: 0px">Resource "ProcedureExample" </p><p style="margin-bottom: 0px">Profile: <a href="StructureDefinition-ProcedureCaseReference.html">ProcedureCaseReference</a></p></div><p><b>identifier</b>: id: ABC1234567890</p><p><b>status</b>: preparation</p><p><b>subject</b>: <a href="https://simplifier.net/resolve?scope=de.basisprofil.r4@1.3.2&amp;canonical=http://fhir.org/packages/de.basisprofil.r4/374885372">374885372</a></p><p><b>encounter</b>: <a href="https://simplifier.net/resolve?scope=de.basisprofil.r4@1.3.2&amp;canonical=http://fhir.org/packages/de.basisprofil.r4/324534708">324534708</a></p><p><b>note</b>: Additional information</p></div>
  </text>
  <identifier>
    <system value="http://example.de/StructureDefinition/identifier-interne-abrechnungsnummer"/>
    <value value="ABC1234567890"/>
  </identifier>
  <status value="preparation"/>
  <subject>
    <reference value="374885372"/>
  </subject>
  <encounter>
    <reference value="324534708"/>
  </encounter>
  <note>
    <text value="Additional information"/>
  </note>
</Procedure>