{
  "resourceType": "Patient",
  "id": "374885372",
  "meta": {
    "profile": [
      "http://gematik.de/fhir/TIM/CaseReference/StructureDefinition/PatientCaseReference"
    ]
  },
  "text": {
    "status": "generated",
    "div": "<div xmlns=\"http://www.w3.org/1999/xhtml\"><p><b>August Fröhlich </b> male, DoB: 2000-02-21 ( id: ABC1234567)</p></div>"
  },
  "identifier": [
    {
      "system": "http://fhir.de/StructureDefinition/identifier-kvid-10",
      "value": "ABC1234567"
    }
  ],
  "name": [
    {
      "family": "Fröhlich",
      "given": [
        "August"
      ]
    }
  ],
  "gender": "male",
  "birthDate": "2000-02-21",
  "communication": [
    {
      "language": {
        "coding": [
          {
            "code": "de"
          }
        ]
      }
    }
  ]
}