{
  "resourceType": "Procedure",
  "id": "ProcedureExample",
  "meta": {
    "profile": [
      "http://gematik.de/fhir/TIM/CaseReference/StructureDefinition/ProcedureCaseReference"
    ]
  },
  "text": {
    "status": "generated",
    "div": "<div xmlns=\"http://www.w3.org/1999/xhtml\"><p><b>Generated Narrative</b></p><div style=\"display: inline-block; background-color: #d9e0e7; padding: 6px; margin: 4px; border: 1px solid #8da1b4; border-radius: 5px; line-height: 60%\"><p style=\"margin-bottom: 0px\">Resource \"ProcedureExample\" </p><p style=\"margin-bottom: 0px\">Profile: <a href=\"StructureDefinition-ProcedureCaseReference.html\">ProcedureCaseReference</a></p></div><p><b>identifier</b>: id: ABC1234567890</p><p><b>status</b>: preparation</p><p><b>subject</b>: <a href=\"https://simplifier.net/resolve?scope=de.basisprofil.r4@1.3.2&amp;canonical=http://fhir.org/packages/de.basisprofil.r4/374885372\">374885372</a></p><p><b>encounter</b>: <a href=\"https://simplifier.net/resolve?scope=de.basisprofil.r4@1.3.2&amp;canonical=http://fhir.org/packages/de.basisprofil.r4/324534708\">324534708</a></p><p><b>note</b>: Additional information</p></div>"
  },
  "identifier": [
    {
      "system": "http://example.de/StructureDefinition/identifier-interne-abrechnungsnummer",
      "value": "ABC1234567890"
    }
  ],
  "status": "preparation",
  "subject": {
    "reference": "374885372"
  },
  "encounter": {
    "reference": "324534708"
  },
  "note": [
    {
      "text": "Additional information"
    }
  ]
}